Product Item,Used Across Occasions,Used Across Events
Anniversary Banner,Anniversary Hampers,Celebration Add-ons
Aroma Candle,Anniversary Hampers,Romantic
Aroma Diffuser,Baby Shower Hampers,Mom-to-Be
Artificial Flowers,Anniversary Hampers,Romantic
Assorted Chocolates,"Birthday Hampers, Corporate Gifting, Festivals","Christmas, Client Oriented, General"
Assorted Mithai,Festivals,Diwali
Baby Activity Toy,Baby Shower Hampers,Baby
Baby Bath Set,Baby Shower Hampers,Baby
Baby Bibs,Baby Shower Hampers,Baby
Baby Blanket,Baby Shower Hampers,Baby
Baby Book,Baby Shower Hampers,"Baby, Mom + Baby"
Baby Caps,Baby Shower Hampers,Baby
Baby Grooming Kit,Baby Shower Hampers,Baby
Baby Memory Book,Baby Shower Hampers,Baby
Baby Mittens,Baby Shower Hampers,Baby
Baby Name Card,Baby Shower Hampers,Mom + Baby
Baby Onesies,Baby Shower Hampers,Baby
Baby Photo Frame,Baby Shower Hampers,Baby
Baby Rompers,Baby Shower Hampers,Baby
Baby Socks,Baby Shower Hampers,"Baby, Mom + Baby"
Baby T-Shirts,Baby Shower Hampers,Baby
Baby Towel,Baby Shower Hampers,"Baby, Mom + Baby"
Baby Washcloths,Baby Shower Hampers,Baby
Balloons,"Anniversary Hampers, Birthday Hampers","Celebration Add-ons, General"
Bandhani Potli,Festivals,Navratri
Bangles,"Festivals, Wedding Hampers","Bridesmaid Hampers, Mehendi, Navratri"
Bath Bomb,"Baby Shower Hampers, Birthday Hampers, Wedding Hampers","Brides Personal Hamper, General, Mom-to-Be"
Bath Salts,"Baby Shower Hampers, Wedding Hampers","Brides Personal Hamper, Mom-to-Be"
Beard Comb,"Birthday Hampers, Wedding Hampers","Grooms Personal Hamper, Male"
Beard Grooming Kit,Wedding Hampers,"Grooms Personal Hamper, Groomsmen Hampers"
Beard Oil,"Birthday Hampers, Wedding Hampers","Grooms Personal Hamper, Male"
Belt,"Birthday Hampers, Wedding Hampers","Grooms Personal Hamper, Groomsmen Hampers, Male"
Bib,Baby Shower Hampers,Mom + Baby
Bindi,Wedding Hampers,Haldi
Bindi Set,"Festivals, Wedding Hampers","Mehendi, Navratri"
Birthday Badge,Birthday Hampers,General
Birthday Banner,Birthday Hampers,General
Birthday Cake,Birthday Hampers,General
Birthday Cap,Birthday Hampers,Kids
Bluetooth Speaker,Corporate Gifting,Client Oriented
Body Butter,Baby Shower Hampers,Mom-to-Be
Body Lotion,"Baby Shower Hampers, Wedding Hampers","Brides Personal Hamper, Mom + Baby, Mom-to-Be"
Body Mist,"Birthday Hampers, Wedding Hampers","Brides Personal Hamper, Bridesmaid Hampers, Female, General, Haldi"
Bottle Opener,Wedding Hampers,Cocktail/Sangeet
Bottle Stopper,Wedding Hampers,Cocktail/Sangeet
Bouquet,Anniversary Hampers,Celebration Add-ons
Bow Tie,Wedding Hampers,"Grooms Personal Hamper, Groomsmen Hampers"
Bracelet,"Birthday Hampers, Wedding Hampers","Brides Personal Hamper, Bridesmaid Hampers, Female"
Bride-to-be Badge,Wedding Hampers,Brides Personal Hamper
Bride-to-be Sash,Wedding Hampers,Brides Personal Hamper
Bridesmaid Badge,Wedding Hampers,Bridesmaid Hampers
Brownie,"Anniversary Hampers, Birthday Hampers, Festivals, Wedding Hampers","Christmas, Cocktail/Sangeet, General, Romantic, Wedding Favours"
Building Blocks,Birthday Hampers,Kids
Burp Cloths,Baby Shower Hampers,Baby
Business Card Holder,Corporate Gifting,Client Oriented
Cable Organizer,Corporate Gifting,Employee Oriented
Cake,Anniversary Hampers,Celebration Add-ons
Candle,"Anniversary Hampers, Baby Shower Hampers, Corporate Gifting, Wedding Hampers","Brides Personal Hamper, Couple, Employee Oriented, Mom + Baby"
Candy,"Birthday Hampers, Wedding Hampers","General, Kids, Wedding Welcome Hampers"
Cap,Festivals,Uttarayan
Card Holder,"Birthday Hampers, Wedding Hampers","Groomsmen Hampers, Male"
Changing Mat,Baby Shower Hampers,Baby
Chips,Wedding Hampers,Wedding Welcome Hampers
Chocolate,"Baby Shower Hampers, Birthday Hampers, Corporate Gifting, Festivals, Wedding Hampers","Bridesmaid Hampers, Cocktail/Sangeet, Employee Oriented, Female, Grooms Personal Hamper, Groomsmen Hampers, Haldi, Holi, Male, Mehendi, Mom + Baby, Uttarayan"
Chocolate Box,"Festivals, Wedding Hampers","Diwali, Wedding Favours"
Chocolate Truffles,"Anniversary Hampers, Festivals","Christmas, Romantic"
Chocolates,"Anniversary Hampers, Baby Shower Hampers, Birthday Hampers, Wedding Hampers","Couple, Kids, Mom-to-Be, Wedding Favours, Wedding Welcome Hampers"
Christmas Cake,Festivals,Christmas
Christmas Mug,Festivals,Christmas
Christmas Ornament,Festivals,Christmas
Christmas Socks,Festivals,Christmas
Claw Clip,"Birthday Hampers, Wedding Hampers","Brides Personal Hamper, Bridesmaid Hampers, Female, Mehendi"
Cloth Book,Baby Shower Hampers,Baby
Coaster Set,"Anniversary Hampers, Wedding Hampers","Couple, Wedding Favours"
Coasters,Wedding Hampers,Cocktail/Sangeet
Cocktail Glass,Wedding Hampers,Cocktail/Sangeet
Cocktail Shaker,Wedding Hampers,Cocktail/Sangeet
Coconut Chips,Festivals,Navratri
Coffee,"Anniversary Hampers, Birthday Hampers, Corporate Gifting, Festivals, Wedding Hampers","Brides Personal Hamper, Christmas, Client Oriented, Couple, Diwali, Employee Oriented, General, Groomsmen Hampers, Male"
Coffee Box,Wedding Hampers,Wedding Favours
Coffee Mug,"Baby Shower Hampers, Corporate Gifting, Wedding Hampers","Client Oriented, Employee Oriented, Grooms Personal Hamper, Mom-to-Be"
Color-Proof Pouch,Festivals,Holi
Coloring Book,Birthday Hampers,Kids
Compact Mirror,"Birthday Hampers, Wedding Hampers","Brides Personal Hamper, Bridesmaid Hampers, Female"
Company Merchandise,Corporate Gifting,Employee Oriented
Cookies,"Anniversary Hampers, Baby Shower Hampers, Birthday Hampers, Corporate Gifting, Festivals, Wedding Hampers","Brides Personal Hamper, Bridesmaid Hampers, Christmas, Client Oriented, Cocktail/Sangeet, Couple, Employee Oriented, Female, General, Holi, Kids, Mehendi, Mom-to-Be, Romantic, Uttarayan, Wedding Favours, Wedding Welcome Hampers"
Couple Bracelets,Anniversary Hampers,Couple
Couple Keychains,Anniversary Hampers,Romantic
Couple Mugs,Anniversary Hampers,Romantic
Couple Photo,Anniversary Hampers,Romantic
Couple Photo Frame,Anniversary Hampers,Couple
Couple Sippers,Anniversary Hampers,Romantic
Couple T-Shirts,Anniversary Hampers,Couple
Couple Wine Glasses,Anniversary Hampers,Premium
Couple's Thank You Card,Wedding Hampers,Wedding Welcome Hampers
Crayons,Birthday Hampers,Kids
Cufflinks,Wedding Hampers,"Grooms Personal Hamper, Groomsmen Hampers"
Cupcakes,"Anniversary Hampers, Birthday Hampers","Celebration Add-ons, General, Kids"
Dandiya Accessories,Festivals,Navratri
Dates,Festivals,Navratri
Decorative Candle,Festivals,Diwali
Decorative Dandiya,Festivals,Navratri
Decorative Diya,Wedding Hampers,Wedding Favours
Decorative Jar,Festivals,Diwali
Decorative Keepsake,Anniversary Hampers,Romantic
Decorative Toran,Festivals,Diwali
Desk Calendar,Corporate Gifting,Client Oriented
Desk Organizer,Corporate Gifting,"Client Oriented, Employee Oriented"
Desk Plant,Corporate Gifting,Employee Oriented
Diwali Namkeen,Festivals,Diwali
Diya Set,Festivals,Diwali
Doll,Birthday Hampers,Kids
Dry Fruit Box,Wedding Hampers,Wedding Favours
Dry Fruits,"Baby Shower Hampers, Birthday Hampers, Corporate Gifting, Festivals, Wedding Hampers","Brides Personal Hamper, Client Oriented, Diwali, Employee Oriented, General, Grooms Personal Hamper, Groomsmen Hampers, Holi, Mom-to-Be, Navratri, Uttarayan, Wedding Welcome Hampers"
Dupatta,Festivals,Navratri
Ear Plugs,Wedding Hampers,Wedding Welcome Hampers
Earrings,"Birthday Hampers, Wedding Hampers","Brides Personal Hamper, Bridesmaid Hampers, Female, Haldi, Mehendi"
Energy Bars,"Corporate Gifting, Festivals, Wedding Hampers","Employee Oriented, Navratri, Wedding Welcome Hampers"
Event Schedule,Wedding Hampers,Wedding Welcome Hampers
Executive Pen,Corporate Gifting,Client Oriented
Face Mask,"Baby Shower Hampers, Birthday Hampers, Wedding Hampers","Brides Personal Hamper, Bridesmaid Hampers, General, Haldi, Mehendi, Mom-to-Be"
Face Serum,Wedding Hampers,Brides Personal Hamper
Face Sheet Mask,Festivals,Holi
Face Towel,Wedding Hampers,Wedding Welcome Hampers
Face Wash,Wedding Hampers,"Grooms Personal Hamper, Groomsmen Hampers"
Fafda,Festivals,Uttarayan
Fairy Lights,Anniversary Hampers,Celebration Add-ons
Fasting Snacks,Festivals,Navratri
Flask,"Birthday Hampers, Wedding Hampers","Cocktail/Sangeet, Grooms Personal Hamper, Groomsmen Hampers, Male"
Flavoured Water,Festivals,Navratri
Floral Hair Accessories,Wedding Hampers,Haldi
Floral Jewellery,Wedding Hampers,"Bridesmaid Hampers, Haldi, Mehendi"
Fragrance,Festivals,Navratri
Fridge Magnet,Wedding Hampers,Wedding Favours
Gourmet Snacks,Birthday Hampers,General
Granola,Baby Shower Hampers,Mom-to-Be
Granola Bar,Wedding Hampers,Wedding Welcome Hampers
Greeting Card,"Anniversary Hampers, Baby Shower Hampers, Birthday Hampers, Festivals","Diwali, General, Mom-to-Be, Navratri, Romantic"
Groom Card,Wedding Hampers,Grooms Personal Hamper
Groom-to-be Badge,Wedding Hampers,Grooms Personal Hamper
Groom-to-be Sash,Wedding Hampers,Grooms Personal Hamper
Grooming Kit,Birthday Hampers,Male
Grooming Pouch,Wedding Hampers,Grooms Personal Hamper
Gujiya,Festivals,Holi
Hair Accessories,"Birthday Hampers, Wedding Hampers","Brides Personal Hamper, Female, Haldi, Mehendi"
Hair Band,Wedding Hampers,Bridesmaid Hampers
Hair Brush,Wedding Hampers,Brides Personal Hamper
Hair Pins,Wedding Hampers,"Brides Personal Hamper, Bridesmaid Hampers, Mehendi"
Hair Wax,"Birthday Hampers, Wedding Hampers","Grooms Personal Hamper, Groomsmen Hampers, Male"
Haldi-themed Jewellery,Wedding Hampers,Haldi
Hand Cream,"Baby Shower Hampers, Birthday Hampers, Wedding Hampers","Bridesmaid Hampers, Female, General, Haldi, Mehendi, Mom + Baby, Mom-to-Be"
Hand Sanitizer,Wedding Hampers,Wedding Welcome Hampers
Hand Towel,"Festivals, Wedding Hampers","Uttarayan, Wedding Welcome Hampers"
Handkerchief,Wedding Hampers,Groomsmen Hampers
Handprint/Footprint Kit,Baby Shower Hampers,Baby
Healthy Snack Box,Baby Shower Hampers,Mom-to-Be
Healthy Snacks,Baby Shower Hampers,Mom + Baby
Herbal Gulal,Festivals,Holi
Herbal Tea,"Baby Shower Hampers, Festivals","Mom + Baby, Mom-to-Be, Navratri"
Holi Greeting Card,Festivals,Holi
Honey,Baby Shower Hampers,Mom-to-Be
Honey Jar,Wedding Hampers,Wedding Favours
Hot Chocolate,"Birthday Hampers, Corporate Gifting, Festivals","Christmas, Employee Oriented, General"
Incense Sticks,Festivals,Diwali
Insulated Bottle,Baby Shower Hampers,Mom-to-Be
Insulated Tumbler,Corporate Gifting,Client Oriented
Jalebi,Festivals,Uttarayan
Jam Jar,Wedding Hampers,Wedding Favours
Jewellery,"Anniversary Hampers, Wedding Hampers","Brides Personal Hamper, Premium"
Jewellery Box,Wedding Hampers,"Brides Personal Hamper, Bridesmaid Hampers"
Journal,Baby Shower Hampers,"Mom + Baby, Mom-to-Be"
Kaju Katli,Festivals,Diwali
Keychain,"Birthday Hampers, Corporate Gifting, Wedding Hampers","Cocktail/Sangeet, Employee Oriented, Groomsmen Hampers, Male, Wedding Favours"
Kids Mug,Birthday Hampers,Kids
Kite Set,Festivals,Uttarayan
Kite Spool,Festivals,Uttarayan
Kite String Alternative,Festivals,Uttarayan
LED Photo Frame,Anniversary Hampers,Celebration Add-ons
Lakshmi-Ganesh Idol,Festivals,Diwali
Laptop Sleeve,Corporate Gifting,"Client Oriented, Employee Oriented"
Laptop Stand,Corporate Gifting,Client Oriented
Leather Wallet,Anniversary Hampers,Premium
Leather/PU Pouch,Wedding Hampers,"Grooms Personal Hamper, Groomsmen Hampers"
Leather/PU Wallet,Corporate Gifting,Client Oriented
Lip Balm,"Baby Shower Hampers, Birthday Hampers, Festivals, Wedding Hampers","Brides Personal Hamper, Bridesmaid Hampers, Female, General, Haldi, Holi, Mehendi, Mom + Baby, Mom-to-Be, Wedding Welcome Hampers"
Lip Gloss,"Birthday Hampers, Wedding Hampers","Brides Personal Hamper, Bridesmaid Hampers, Female"
Lipstick,Wedding Hampers,Brides Personal Hamper
Local Specialty Product,Wedding Hampers,Wedding Welcome Hampers
Love Coupons,Anniversary Hampers,Romantic
Love Letter,Wedding Hampers,Brides Personal Hamper
Luggage Tag,Wedding Hampers,Grooms Personal Hamper
Luxury Candle,Anniversary Hampers,Premium
Macarons,Wedding Hampers,Brides Personal Hamper
Makeup Kit,Wedding Hampers,Brides Personal Hamper
Makeup Pouch,"Birthday Hampers, Wedding Hampers","Brides Personal Hamper, Bridesmaid Hampers, Female"
Marshmallows,Festivals,Christmas
Matching Keychains,Anniversary Hampers,Couple
Matching Mugs,Anniversary Hampers,Couple
Matching Sippers,Anniversary Hampers,Couple
Mehendi Aftercare Balm,Wedding Hampers,Mehendi
Mehendi Cones,Wedding Hampers,Mehendi
Metal Keychain,Corporate Gifting,Client Oriented
Milestone Cards,Baby Shower Hampers,"Baby, Mom + Baby"
Mini Board Game,Birthday Hampers,Kids
Mini Candle,Wedding Hampers,"Bridesmaid Hampers, Grooms Personal Hamper, Wedding Favours, Wedding Welcome Hampers"
Mini Christmas Decoration,Festivals,Christmas
Mini Mug,Wedding Hampers,Wedding Favours
Mini Perfume,"Anniversary Hampers, Birthday Hampers, Wedding Hampers","Bridesmaid Hampers, Cocktail/Sangeet, Female, General, Groomsmen Hampers, Haldi, Male, Mehendi, Romantic, Wedding Favours, Wedding Welcome Hampers"
Mini Pillow,Wedding Hampers,Wedding Welcome Hampers
Mini Plant,"Corporate Gifting, Festivals, Wedding Hampers","Christmas, Client Oriented, Diwali, Navratri, Wedding Favours"
Mini Snack Box,Wedding Hampers,Wedding Favours
Mini Towel,"Festivals, Wedding Hampers","Haldi, Holi"
Mints,Wedding Hampers,Wedding Welcome Hampers
Mithai Box,Wedding Hampers,Wedding Favours
Moisturizer,Wedding Hampers,"Brides Personal Hamper, Grooms Personal Hamper"
Mom-to-Be Badge,Baby Shower Hampers,Mom-to-Be
Mom-to-Be Card,Baby Shower Hampers,Mom + Baby
Mom-to-Be Sash,Baby Shower Hampers,Mom-to-Be
Mug,Birthday Hampers,General
Muslin Swaddle,Baby Shower Hampers,Mom + Baby
Muslin Swaddles,Baby Shower Hampers,Baby
Nail Paint,"Birthday Hampers, Wedding Hampers","Bridesmaid Hampers, Female, Mehendi"
Nail Stickers,Wedding Hampers,Mehendi
Namkeen,"Festivals, Wedding Hampers","Holi, Uttarayan, Wedding Welcome Hampers"
Necklace,"Birthday Hampers, Wedding Hampers","Brides Personal Hamper, Bridesmaid Hampers, Female"
Notebook,Corporate Gifting,Employee Oriented
Onesie,Baby Shower Hampers,Mom + Baby
Organic Gulal,Festivals,Holi
Oxidized Earrings,Festivals,Navratri
Party Accessories,Wedding Hampers,Cocktail/Sangeet
Passport Holder,"Corporate Gifting, Wedding Hampers","Client Oriented, Grooms Personal Hamper"
Peanut Chikki,Festivals,Uttarayan
Pen,Corporate Gifting,Employee Oriented
Pencil Box,Birthday Hampers,Kids
Personalized Baby Blanket,Baby Shower Hampers,Baby
Personalized Bride Card,Wedding Hampers,Brides Personal Hamper
Personalized Card,"Anniversary Hampers, Birthday Hampers","Couple, Female, Male"
Personalized Corporate Card,Corporate Gifting,Client Oriented
Personalized Cushion,Baby Shower Hampers,Mom-to-Be
Personalized Diwali Card,Festivals,Diwali
Personalized Employee Card,Corporate Gifting,Employee Oriented
Personalized Greeting Card,Festivals,"Christmas, Uttarayan"
Personalized Groomsmen Badge,Wedding Hampers,Groomsmen Hampers
Personalized Haldi Card,Wedding Hampers,Haldi
Personalized Holi Tag,Festivals,Holi
Personalized Keepsake,Anniversary Hampers,Premium
Personalized Keychain,"Birthday Hampers, Wedding Hampers","General, Grooms Personal Hamper"
Personalized Letter,"Anniversary Hampers, Baby Shower Hampers, Wedding Hampers","Grooms Personal Hamper, Mom-to-Be, Premium, Romantic"
Personalized Mehendi Card,Wedding Hampers,Mehendi
Personalized Mug,Baby Shower Hampers,"Mom + Baby, Mom-to-Be"
Personalized Name Plaque,Baby Shower Hampers,Baby
Personalized Name Tag,"Birthday Hampers, Wedding Hampers","Bridesmaid Hampers, Kids"
Personalized Note,Wedding Hampers,"Bridesmaid Hampers, Groomsmen Hampers"
Personalized Notebook,Baby Shower Hampers,Mom-to-Be
Personalized Photo,"Birthday Hampers, Wedding Hampers","Brides Personal Hamper, General, Grooms Personal Hamper"
Personalized Photo Frame,Baby Shower Hampers,"Mom + Baby, Mom-to-Be"
Personalized Sangeet Card,Wedding Hampers,Cocktail/Sangeet
Personalized Thank You Card,Wedding Hampers,Wedding Favours
Personalized Welcome Card,Wedding Hampers,Wedding Welcome Hampers
Phone Stand,Corporate Gifting,Employee Oriented
Photo Album,Anniversary Hampers,Premium
Photo Frame,"Anniversary Hampers, Birthday Hampers","General, Romantic"
Pichkari,Festivals,Holi
Pickle Jar,Wedding Hampers,Wedding Favours
Planner,"Baby Shower Hampers, Corporate Gifting","Employee Oriented, Mom-to-Be"
Plum Cake,Festivals,Christmas
Pocket Perfume,Wedding Hampers,Groomsmen Hampers
Pocket Square,Wedding Hampers,"Grooms Personal Hamper, Groomsmen Hampers"
Popcorn,"Birthday Hampers, Wedding Hampers","Cocktail/Sangeet, General"
Potli,Wedding Hampers,"Haldi, Mehendi, Wedding Favours"
Pouch,Baby Shower Hampers,Mom-to-Be
Power Bank,Corporate Gifting,Client Oriented
Pregnancy Journal,Baby Shower Hampers,Mom-to-Be
Premium Backpack,Corporate Gifting,Client Oriented
Premium Chocolate,Wedding Hampers,Brides Personal Hamper
Premium Chocolates,Anniversary Hampers,"Premium, Romantic"
Premium Coffee,Wedding Hampers,Grooms Personal Hamper
Premium Dry Fruits,Anniversary Hampers,Premium
Premium Notebook,Corporate Gifting,Client Oriented
Premium Perfume,"Anniversary Hampers, Corporate Gifting, Wedding Hampers","Brides Personal Hamper, Client Oriented, Grooms Personal Hamper, Premium"
Premium Photo Frame,Anniversary Hampers,Premium
Premium Sipper,Corporate Gifting,Client Oriented
Premium Snack Box,Corporate Gifting,Client Oriented
Premium Tea,"Corporate Gifting, Wedding Hampers","Brides Personal Hamper, Client Oriented"
Premium Tea/Coffee,Anniversary Hampers,Premium
Preserved Flowers,Anniversary Hampers,"Celebration Add-ons, Premium"
Preserved Rose,Anniversary Hampers,Romantic
Puzzle,Birthday Hampers,Kids
Rattle,Baby Shower Hampers,"Baby, Mom + Baby"
Reed Diffuser,Anniversary Hampers,Romantic
Ring,Wedding Hampers,Bridesmaid Hampers
Rings,Wedding Hampers,Mehendi
Roasted Makhana,Festivals,"Diwali, Navratri"
Roasted Nuts,Wedding Hampers,Cocktail/Sangeet
Roasted Peanuts,Festivals,Uttarayan
Room Freshener,Wedding Hampers,Wedding Welcome Hampers
Rose,Anniversary Hampers,Romantic
Roses,Anniversary Hampers,Celebration Add-ons
Santa-themed Keychain,Festivals,Christmas
Satin Eye Mask,Wedding Hampers,"Brides Personal Hamper, Bridesmaid Hampers"
Satin Hair Band,Wedding Hampers,Brides Personal Hamper
Satin Robe,Wedding Hampers,Brides Personal Hamper
Satin Scrunchie,Wedding Hampers,"Brides Personal Hamper, Bridesmaid Hampers"
Scented Candle,"Anniversary Hampers, Baby Shower Hampers, Birthday Hampers, Corporate Gifting, Festivals, Wedding Hampers","Christmas, Client Oriented, Diwali, Female, General, Mom-to-Be, Romantic, Wedding Favours"
Scrunchie,Birthday Hampers,Female
Scrunchies,Wedding Hampers,"Brides Personal Hamper, Bridesmaid Hampers, Haldi, Mehendi"
Sensory Toy,Baby Shower Hampers,Baby
Shaving Kit,"Birthday Hampers, Wedding Hampers","Grooms Personal Hamper, Groomsmen Hampers, Male"
Sheet Mask,"Birthday Hampers, Wedding Hampers","Bridesmaid Hampers, Female, Haldi"
Shot Glass,Wedding Hampers,Cocktail/Sangeet
Silver-Plated Coin,Festivals,Diwali
Sipper,"Baby Shower Hampers, Birthday Hampers, Corporate Gifting, Festivals, Wedding Hampers","Employee Oriented, General, Groomsmen Hampers, Holi, Male, Mom-to-Be, Uttarayan, Wedding Welcome Hampers"
Sketch Pens,Birthday Hampers,Kids
Skincare Kit,Baby Shower Hampers,Mom-to-Be
Skincare Product,Birthday Hampers,Female
Skincare Set,Wedding Hampers,Brides Personal Hamper
Sleep Mask,"Baby Shower Hampers, Wedding Hampers","Mom + Baby, Mom-to-Be, Wedding Welcome Hampers"
Slippers,"Baby Shower Hampers, Wedding Hampers","Brides Personal Hamper, Mom-to-Be"
Small Bouquet,Anniversary Hampers,Romantic
Small Glass,Wedding Hampers,Wedding Favours
Snack Box,"Anniversary Hampers, Corporate Gifting, Wedding Hampers","Couple, Employee Oriented, Grooms Personal Hamper"
Snack Mix,Wedding Hampers,Cocktail/Sangeet
Snacks,Birthday Hampers,Male
Socks,Wedding Hampers,"Grooms Personal Hamper, Groomsmen Hampers"
Soft Socks,Baby Shower Hampers,Mom-to-Be
Soft Toy,"Baby Shower Hampers, Birthday Hampers","Baby, Kids, Mom + Baby"
Stickers,Birthday Hampers,Kids
Sticky Notes,Corporate Gifting,Employee Oriented
Story Book,Birthday Hampers,Kids
Succulent,"Corporate Gifting, Wedding Hampers","Employee Oriented, Wedding Favours"
Succulent Pot,Wedding Hampers,Wedding Favours
Sun-care Mini Kit,Festivals,Uttarayan
Sunglasses,"Birthday Hampers, Festivals, Wedding Hampers","Cocktail/Sangeet, Grooms Personal Hamper, Groomsmen Hampers, Haldi, Holi, Male, Uttarayan"
Sunscreen,Wedding Hampers,Haldi
Tea,"Anniversary Hampers, Birthday Hampers, Corporate Gifting, Festivals, Wedding Hampers","Christmas, Couple, Diwali, Employee Oriented, General, Grooms Personal Hamper"
Tea Box,Wedding Hampers,Wedding Favours
Teether,Baby Shower Hampers,Baby
Thandai Mix,"Festivals, Wedding Hampers","Haldi, Holi"
Tie,Wedding Hampers,"Grooms Personal Hamper, Groomsmen Hampers"
Til Chikki,Festivals,Uttarayan
Tissues,Wedding Hampers,Wedding Welcome Hampers
Toiletry Bag,Wedding Hampers,Grooms Personal Hamper
Toiletry Pouch,Wedding Hampers,Wedding Welcome Hampers
Toothbrush,Wedding Hampers,Wedding Welcome Hampers
Toothpaste,Wedding Hampers,Wedding Welcome Hampers
Tote Bag,"Baby Shower Hampers, Corporate Gifting","Employee Oriented, Mom-to-Be"
Toy Car,Birthday Hampers,Kids
Traditional Snacks,Festivals,Navratri
Travel Adapter,Corporate Gifting,Client Oriented
Travel Grooming Kit,Wedding Hampers,Groomsmen Hampers
Travel Mug,Wedding Hampers,Wedding Welcome Hampers
Travel Organizer,"Corporate Gifting, Wedding Hampers","Client Oriented, Grooms Personal Hamper"
Travel Pouch,Wedding Hampers,Wedding Welcome Hampers
Tumbler,"Birthday Hampers, Corporate Gifting, Wedding Hampers","Cocktail/Sangeet, Employee Oriented, General, Grooms Personal Hamper, Groomsmen Hampers, Male"
Venue Map,Wedding Hampers,Wedding Welcome Hampers
Wallet,"Birthday Hampers, Wedding Hampers","Grooms Personal Hamper, Groomsmen Hampers, Male"
Watch,"Anniversary Hampers, Birthday Hampers, Wedding Hampers","Grooms Personal Hamper, Groomsmen Hampers, Male, Premium"
Water Balloons,Festivals,Holi
Water Bottle,"Birthday Hampers, Wedding Hampers","Kids, Wedding Welcome Hampers"
Wedding Itinerary,Wedding Hampers,Wedding Welcome Hampers
Wedding Merchandise,Wedding Hampers,Wedding Welcome Hampers
Wet Wipes,Wedding Hampers,Wedding Welcome Hampers
Whiskey Glass,Wedding Hampers,Cocktail/Sangeet
Wine Glass,Wedding Hampers,Cocktail/Sangeet
Wine Glasses,Anniversary Hampers,Romantic
Wireless Charger,Corporate Gifting,Client Oriented
Yellow Bangles,Wedding Hampers,Haldi
